{
  "products": [
    {
      "id": 1,
      "name": "samsung",
      "model": "galaxy s9",
      "price": "9999"
    },
    {
      "name": "nokia",
      "model": "8.1",
      "price": 29999,
      "id": 2
    },
    {
      "name": "nokia",
      "model": "8.1",
      "price": 29999,
      "id": 4
    },
    {
      "name": "nokia",
      "model": "8.1",
      "price": 29999,
      "id": 5
    },
    {
      "name": "nokia",
      "model": "8.1",
      "price": 29999,
      "id": 6
    },
    {
      "name": "nokia",
      "model": "8.1",
      "price": 29999,
      "id": 7
    },
    {
      "name": "nokia",
      "model": "8.1",
      "price": 29999,
      "id": 8
    },
    {
      "name": "nokia",
      "model": "8.1",
      "price": 29999,
      "id": 9
    },
    {
      "name": "nokia",
      "model": "8.1",
      "price": 29999,
      "id": 10
    },
    {
      "name": "nokia",
      "model": "8.1",
      "price": 29999,
      "id": 11
    },
    {
      "name": "nokia",
      "model": "8.1",
      "price": 29999,
      "id": 12
    },
    {
      "name": "nokia",
      "model": "8.1",
      "price": 29999,
      "id": 13
    },
    {
      "name": "nokia",
      "model": "8.1",
      "price": 29999,
      "id": 14
    }
  ]
}